name,link
Mulholland Drive,/title/tt0166924/
In the Mood for Love,/title/tt0118694/
The Tree of Life,/title/tt0478304/
Yi Yi: A One and a Two,/title/tt0244316/
Goodbye to Language,/title/tt2400275/
The White Meadows,/title/tt1509132/
Night Across the Street,/title/tt1876360/
Certified Copy,/title/tt1020773/
Sparrow,/title/tt0491044/
Fados,/title/tt1056422/
In the Mood for Love,/title/tt0118694/
Eternal Sunshine of the Spotless Mind,/title/tt0338013/
Syndromes and a Century,/title/tt0477731/
Spirited Away,/title/tt0245429/
The Act of Killing,/title/tt2375605/
The Grand Budapest Hotel,/title/tt2278388/
The New World,/title/tt0402399/
Certified Copy,/title/tt1020773/
The World,/title/tt0423176/
Elephant,/title/tt0363589/
Zero Dark Thirty,/title/tt1790885/
A History of Violence,/title/tt0399146/
The Grand Budapest Hotel,/title/tt2278388/
Stories We Tell,/title/tt2366450/
Casino Royale,/title/tt0381061/
Eternal Sunshine of the Spotless Mind,/title/tt0338013/
Tabu,/title/tt3647998/
Snow White,/title/tt1735898/
Frozen River,/title/tt0978759/
Gosford Park,/title/tt0280707/
In the Mood for Love,/title/tt0118694/
Mulholland Drive,/title/tt0166924/
Inception,/title/tt1375666/
Pan's Labyrinth,/title/tt0457430/
Caché,/title/tt0387898/
Grizzly Man,/title/tt0427312/
"4 Months, 3 Weeks & 2 Days",/title/tt1032846/
Holy Motors,/title/tt2076220/
The Last of the Unjust,/title/tt2340784/
There Will Be Blood,/title/tt0469494/
The Piano Teacher,/title/tt0254686/
Margaret,/title/tt3777860/
American Psycho,/title/tt0144084/
"4 Months, 3 Weeks & 2 Days",/title/tt1032846/
Caché,/title/tt0387898/
Mulholland Drive,/title/tt0166924/
Lourdes,/title/tt1405809/
Red Road,/title/tt0471030/
Boyhood,/title/tt1065073/
Tony Manero,/title/tt1223975/
No Country For Old Men,/title/tt0477348/
Spirited Away,/title/tt0245429/
A Separation,/title/tt1832382/
Pan's Labyrinth,/title/tt0457430/
Finding Nemo,/title/tt0266543/
Hero,/title/tt0299977/
The Wolf of Wall Street,/title/tt0993846/
Mother,/title/tt5109784/
The Bourne Ultimatum,/title/tt0440963/
Traffic,/title/tt0181865/
These Encounters of Theirs,/title/tt0815227/
Vincere,/title/tt1156173/
Le quattro volte,/title/tt1646975/
The Profession of Arms,/title/tt0245276/
Gostanza da Libbiano,/title/tt0257726/
At the First Breath of Wind,/title/tt0328825/
Sangue,/title/tt3102590/
Terra,/title/tt0858486/
Oh! Man,/title/tt0431958/
"Synecdoche, New York",/title/tt0383028/
Mulholland Drive,/title/tt0166924/
Eternal Sunshine of the Spotless Mind,/title/tt0338013/
Black Swan,/title/tt0947798/
The Comedy,/title/tt2112293/
Melancholia,/title/tt1527186/
Inglourious Basterds,/title/tt0361748/
Inside Llewyn Davis,/title/tt2042568/
Only Lovers Left Alive,/title/tt1714915/
The Congress,/title/tt1821641/
The Master,/title/tt1560747/
25th Hour,/title/tt0307901/
24 Hour Party People,/title/tt0274309/
Mulholland Drive,/title/tt0166924/
Once Upon a Time in Anatolia,/title/tt1827487/
Zodiac,/title/tt0443706/
A Serious Man,/title/tt1019452/
Tinker Tailor Soldier Spy,/title/tt1340800/
Primer,/title/tt0390384/
In the Mood for Love,/title/tt0118694/
"La commune (Paris, 1871)",/title/tt0257497/
Uncle Boonmee Who Can Recall His Past Lives,/title/tt1588895/
2046,/title/tt0212712/
Adaptation,/title/tt0268126/
Battle in Heaven,/title/tt0387055/
Caché,/title/tt0387898/
Inland Empire,/title/tt0460829/
Mulholland Drive,/title/tt0166924/
Mysteries of Lisbon,/title/tt1236371/
Eternal Sunshine of the Spotless Mind,/title/tt0338013/
There Will Be Blood,/title/tt0469494/
Mulholland Drive,/title/tt0166924/
Children of Men,/title/tt0206634/
City of God,/title/tt0317248/
Pan's Labyrinth,/title/tt0457430/
Inception,/title/tt1375666/
The Incredibles,/title/tt0317705/
Birdman,/title/tt2562232/
No Country For Old Men,/title/tt0477348/
Brokeback Mountain,/title/tt0388795/
In the Mood for Love,/title/tt0118694/
12 Years a Slave,/title/tt2024544/
Spirited Away,/title/tt0245429/
Fish Tank,/title/tt1232776/
Mommy,/title/tt3612616/
Talk to Her,/title/tt0287467/
Timbuktu,/title/tt3409392/
Selma,/title/tt1020072/
The White Ribbon,/title/tt1149362/
The Headless Woman,/title/tt1221141/
The Royal Tenenbaums,/title/tt0265666/
Far From Heaven,/title/tt0297884/
Moonrise Kingdom,/title/tt1748122/
Lost in Translation,/title/tt0335266/
A Single Man,/title/tt1315981/
Spirited Away,/title/tt0245429/
Toy Story 3,/title/tt0435761/
Eternal Sunshine of the Spotless Mind,/title/tt0338013/
I Am Love,/title/tt1226236/
Donnie Darko,/title/tt0246578/
Inherent Vice,/title/tt1791528/
Film socialisme,/title/tt1438535/
A History of Violence,/title/tt0399146/
This Is the End,/title/tt1245492/
Somewhere,/title/tt1421051/
Holy Motors,/title/tt2076220/
Almayer's Folly,/title/tt1823126/
Inside Llewyn Davis,/title/tt2042568/
The Story of Marie and Julien,/title/tt0339357/
Bamboozled,/title/tt0215545/
Boyhood,/title/tt1065073/
Under the Skin,/title/tt1441395/
Anomalisa,/title/tt2401878/
12 Years a Slave,/title/tt2024544/
Madagascar 3: Europe's Most Wanted,/title/tt1277953/
Another Year,/title/tt1431181/
The Diving Bell and the Butterfly,/title/tt0401383/
Children of Men,/title/tt0206634/
The Social Network,/title/tt1285016/
A Separation,/title/tt1832382/
WALL-E,/title/tt0910970/
In the Mood for Love,/title/tt0118694/
Spirited Away,/title/tt0245429/
Boyhood,/title/tt1065073/
The Son's Room,/title/tt0208990/
Extraordinary Stories,/title/tt1225831/
Mulholland Drive,/title/tt0166924/
The Social Network,/title/tt1285016/
Elephant,/title/tt0363589/
Uncle Boonmee Who Can Recall His Past Lives,/title/tt1588895/
Mulholland Drive,/title/tt0166924/
Talk to Her,/title/tt0287467/
The Assassin,/title/tt0107843/
Million Dollar Baby,/title/tt0405159/
In the Mood for Love,/title/tt0118694/
Leviathan,/title/tt0097737/
A Touch of Sin,/title/tt2852400/
Distant,/title/tt9883398/
The New World,/title/tt0402399/
A Prophet,/title/tt1235166/
Timbuktu,/title/tt3409392/
Blue Is the Warmest Color,/title/tt2278871/
Moolaadé,/title/tt0416991/
A Separation,/title/tt1832382/
The Secret in Their Eyes,/title/tt1305806/
Oldboy,/title/tt0364569/
In the Mood for Love,/title/tt0118694/
Fat Girl,/title/tt0243255/
The Orphanage,/title/tt0464141/
The Hunt,/title/tt8244784/
Spring Breakers,/title/tt2101441/
My Winnipeg,/title/tt1093842/
The Ghost Writer,/title/tt1139328/
Moulin Rouge!,/title/tt0203009/
Star Wars: Episode III – Revenge of the Sith,/title/tt0121766/
Manakamana,/title/tt3103326/
The Curious Case of Benjamin Button,/title/tt0421715/
"You, The Living",/title/tt0445336/
Mother,/title/tt5109784/
A Serious Man,/title/tt1019452/
Moolaadé,/title/tt0416991/
Timbuktu,/title/tt3409392/
Cuba: An African Odyssey,/title/tt1106760/
"Sexe, gombo et beurre salé",/title/tt1254774/
Shoot the Messenger,/title/tt5178678/
Red Leaves,/title/tt15456030/
The Colonial Misunderstanding,/title/tt0474246/
Restless City,/title/tt1545464/
Conversations on a Sunday Afternoon,/title/tt0471130/
Belle,/title/tt13651628/
Requiem for a Dream,/title/tt0180093/
Antichrist,/title/tt0870984/
Children of Men,/title/tt0206634/
The Child,/title/tt0456396/
No Country For Old Men,/title/tt0477348/
Fish Tank,/title/tt1232776/
The Tree of Life,/title/tt0478304/
Inception,/title/tt1375666/
Kill Bill: Vol. 1,/title/tt0266697/
Irreversible,/title/tt0290673/
Amour,/title/tt1602620/
A Separation,/title/tt1832382/
In the Mood for Love,/title/tt0118694/
A Prophet,/title/tt1235166/
Monsoon Wedding,/title/tt0265343/
Son of Saul,/title/tt3808342/
Thithi,/title/tt4881362/
Blue Is the Warmest Color,/title/tt2278871/
No Man's Land,/title/tt0119164/
Waltz with Bashir,/title/tt1185616/
In Praise of Love,/title/tt0181912/
The Wolf of Wall Street,/title/tt0993846/
The Last of the Unjust,/title/tt2340784/
Like Someone In Love,/title/tt1843287/
The Grand Budapest Hotel,/title/tt2278388/
Butter on the Latch,/title/tt2252304/
Heaven Knows What,/title/tt3687186/
The Future,/title/tt0082517/
Holy Motors,/title/tt2076220/
Coma,/title/tt0077355/
"4 Months, 3 Weeks & 2 Days",/title/tt1032846/
The Royal Tenenbaums,/title/tt0265666/
No Country For Old Men,/title/tt0477348/
Waltz with Bashir,/title/tt1185616/
The Matchmaker,/title/tt0119632/
Footnote,/title/tt1445520/
The Son,/title/tt3839822/
In the Mood for Love,/title/tt0118694/
You Can Count On Me,/title/tt0203230/
Yossi & Jagger,/title/tt0334754/
Mulholland Drive,/title/tt0166924/
There Will Be Blood,/title/tt0469494/
"O Brother, Where Art Thou?",/title/tt0190590/
Spirited Away,/title/tt0245429/
Children of Men,/title/tt0206634/
In the Mood for Love,/title/tt0118694/
The Babadook,/title/tt2321549/
A Separation,/title/tt1832382/
Caché,/title/tt0387898/
Boyhood,/title/tt1065073/
The White Ribbon,/title/tt1149362/
In the Mood for Love,/title/tt0118694/
"Spring, Summer, Fall, Winter…and Spring",/title/tt0374546/
Melancholia,/title/tt1527186/
Elephant,/title/tt0363589/
Russian Ark,/title/tt0318034/
City of God,/title/tt0317248/
A Prophet,/title/tt1235166/
"4 Months, 3 Weeks & 2 Days",/title/tt1032846/
Inside Out,/title/tt2096673/
Inside Llewyn Davis,/title/tt2042568/
Persepolis,/title/tt0808417/
Fish Tank,/title/tt1232776/
Pan's Labyrinth,/title/tt0457430/
In the Mood for Love,/title/tt0118694/
Spirited Away,/title/tt0245429/
Mad Max: Fury Road,/title/tt1392190/
Attack the Block,/title/tt1478964/
Eternal Sunshine of the Spotless Mind,/title/tt0338013/
The Royal Tenenbaums,/title/tt0265666/
The Secret in Their Eyes,/title/tt1305806/
Before Sunset,/title/tt0381681/
Eternal Sunshine of the Spotless Mind,/title/tt0338013/
Ratatouille,/title/tt0382932/
Stories We Tell,/title/tt2366450/
Pan's Labyrinth,/title/tt0457430/
Amores Perros,/title/tt0245712/
A Separation,/title/tt1832382/
Minority Report,/title/tt0181689/
Moulin Rouge!,/title/tt0203009/
Mulholland Drive,/title/tt0166924/
The Tree of Life,/title/tt0478304/
In the Mood for Love,/title/tt0118694/
Boyhood,/title/tt1065073/
Secret Sunshine,/title/tt0817225/
Zodiac,/title/tt0443706/
The Dark Knight,/title/tt0468569/
The Son,/title/tt3839822/
Brokeback Mountain,/title/tt0388795/
35 Shots of Rum,/title/tt1100048/
The Three Burials of Melquiades Estrada,/title/tt0419294/
There Will Be Blood,/title/tt0469494/
A Separation,/title/tt1832382/
Birdman,/title/tt2562232/
The Blind Swordsman: Zatoichi,/title/tt0363226/
Mommy,/title/tt3612616/
Dancer in the Dark,/title/tt0168629/
Tey,/title/tt2178935/
Sweet Sixteen,/title/tt0313670/
Ezra,/title/tt5892746/
No Country For Old Men,/title/tt0477348/
Boyhood,/title/tt1065073/
Mulholland Drive,/title/tt0166924/
Almost Famous,/title/tt0181875/
"Synecdoche, New York",/title/tt0383028/
Pan's Labyrinth,/title/tt0457430/
Minority Report,/title/tt0181689/
The Social Network,/title/tt1285016/
The Tree of Life,/title/tt0478304/
Memories of Murder,/title/tt0353969/
Mulholland Drive,/title/tt0166924/
Tropical Malady,/title/tt0381668/
Spirited Away,/title/tt0245429/
Under the Skin,/title/tt1441395/
Hard to Be a God,/title/tt2328813/
Mad Max: Fury Road,/title/tt1392190/
There Will Be Blood,/title/tt0469494/
Lost in Translation,/title/tt0335266/
Borat: Cultural Learnings of America for Make Benefit Glorious Nation of Kazakhstan,/title/tt0443453/
"You, The Living",/title/tt0445336/
Mad Max: Fury Road,/title/tt1392190/
Lost in Translation,/title/tt0335266/
Let the Right One In,/title/tt1139797/
Spring Breakers,/title/tt2101441/
Children of Men,/title/tt0206634/
World of Tomorrow,/title/tt4171032/
Ex Machina,/title/tt0470752/
The Avengers,/title/tt0848228/
Her,/title/tt1798709/
Kill Bill: Vol. 2,/title/tt0378194/
Yi Yi: A One and a Two,/title/tt0244316/
Mulholland Drive,/title/tt0166924/
Children of Men,/title/tt0206634/
Manchester by the Sea,/title/tt4034228/
Adaptation,/title/tt0268126/
The Host,/title/tt0468492/
District 9,/title/tt1136608/
City of God,/title/tt0317248/
Love & Friendship,/title/tt3774694/
Distant,/title/tt9883398/
3-Iron,/title/tt0423866/
Yi Yi: A One and a Two,/title/tt0244316/
Mulholland Drive,/title/tt0166924/
Syndromes and a Century,/title/tt0477731/
Evolution of a Filipino Family,/title/tt0424062/
Pulse,/title/tt0286751/
Cave of Forgotten Dreams,/title/tt1664894/
Heaven's Story,/title/tt1685536/
"Norte, the End of History",/title/tt2852432/
Spirited Away,/title/tt0245429/
"Crouching Tiger, Hidden Dragon",/title/tt0190332/
There Will Be Blood,/title/tt0469494/
The Pianist,/title/tt0253474/
Lincoln,/title/tt0443272/
Life of Pi,/title/tt0454876/
Mystic River,/title/tt0327056/
Son of Saul,/title/tt3808342/
American Hustle,/title/tt1800241/
The White Ribbon,/title/tt1149362/
After the Wedding,/title/tt7985692/
Eternal Sunshine of the Spotless Mind,/title/tt0338013/
Boyhood,/title/tt1065073/
Memento,/title/tt0209144/
There Will Be Blood,/title/tt0469494/
The Dark Knight,/title/tt0468569/
Inside Llewyn Davis,/title/tt2042568/
Finding Nemo,/title/tt0266543/
Mad Max: Fury Road,/title/tt1392190/
Inglourious Basterds,/title/tt0361748/
Gravity,/title/tt1454468/
The Tree of Life,/title/tt0478304/
Yi Yi: A One and a Two,/title/tt0244316/
Secret Sunshine,/title/tt0817225/
Eternal Sunshine of the Spotless Mind,/title/tt0338013/
Amour,/title/tt1602620/
I Am Love,/title/tt1226236/
Son of Saul,/title/tt3808342/
WALL-E,/title/tt0910970/
The Five Obstructions,/title/tt0354575/
Borat: Cultural Learnings of America for Make Benefit Glorious Nation of Kazakhstan,/title/tt0443453/
In the Mood for Love,/title/tt0118694/
Ida,/title/tt1869716/
Boyhood,/title/tt1065073/
Son of Saul,/title/tt3808342/
Nobody Knows,/title/tt0408664/
Talk to Her,/title/tt0287467/
Amores Perros,/title/tt0245712/
Wild Tales,/title/tt3011894/
Eldorado,/title/tt0061619/
Mommy,/title/tt3612616/
The Stuart Hall Project,/title/tt2578290/
Uncle Boonmee Who Can Recall His Past Lives,/title/tt1588895/
Waiting for Happiness,/title/tt0308363/
Something Necessary,/title/tt2400272/
Moolaadé,/title/tt0416991/
Sembène!,/title/tt4344782/
5 Broken Cameras,/title/tt2125423/
Hooligan Sparrow,/title/tt4079902/
7 Letters,/title/tt4691166/
"Synecdoche, New York",/title/tt0383028/
Brokeback Mountain,/title/tt0388795/
Weekend,/title/tt1714210/
"4 Months, 3 Weeks & 2 Days",/title/tt1032846/
Spirited Away,/title/tt0245429/
How to Survive a Plague,/title/tt2124803/
Talk to Her,/title/tt0287467/
American Splendor,/title/tt0305206/
In the Mood for Love,/title/tt0118694/
Far From Heaven,/title/tt0297884/
The Tree of Life,/title/tt0478304/
Mad Max: Fury Road,/title/tt1392190/
25th Hour,/title/tt0307901/
An Injury to One,/title/tt0342570/
Love & Basketball,/title/tt3774694/
In the Mood for Love,/title/tt0118694/
Timbuktu,/title/tt3409392/
Once Upon a Time in Anatolia,/title/tt1827487/
It's Such a Beautiful Day,/title/tt2396224/
Actress,/title/tt0102816/
Lost in Translation,/title/tt0335266/
Carol,/title/tt2402927/
Yi Yi: A One and a Two,/title/tt0244316/
Dancer in the Dark,/title/tt0168629/
Certified Copy,/title/tt1020773/
The Wind Rises,/title/tt2013293/
World of Tomorrow,/title/tt4171032/
Mulholland Drive,/title/tt0166924/
35 Shots of Rum,/title/tt1100048/
Girl Walk: All Day,/title/tt2287749/
Inside Llewyn Davis,/title/tt2042568/
Almost Famous,/title/tt0181875/
Collateral,/title/tt0369339/
Brooklyn,/title/tt2381111/
Nightcrawler,/title/tt2872718/
Take Shelter,/title/tt1675192/
Fantastic Mr Fox,/title/tt1531905/
Senna,/title/tt1424432/
Frances Ha,/title/tt2347569/
Dogtooth,/title/tt1379182/
A Pigeon Sat on a Branch Reflecting on Existence,/title/tt1883180/
The Act of Killing,/title/tt2375605/
Dogtooth,/title/tt1379182/
Katyn,/title/tt0879843/
3-Iron,/title/tt0423866/
Caché,/title/tt0387898/
Mulholland Drive,/title/tt0166924/
The Congress,/title/tt1821641/
Sympathy for Mr Vengeance,/title/tt0310775/
"Synecdoche, New York",/title/tt0383028/
Yi Yi: A One and a Two,/title/tt0244316/
There Will Be Blood,/title/tt0469494/
Boyhood,/title/tt1065073/
Still Life,/title/tt2395417/
Archipelago,/title/tt1527835/
The Headless Woman,/title/tt1221141/
The Act of Killing,/title/tt2375605/
Caché,/title/tt0387898/
Divine Intervention,/title/tt0274428/
Crimson Gold,/title/tt0371280/
Zodiac,/title/tt0443706/
Inside Llewyn Davis,/title/tt2042568/
There Will Be Blood,/title/tt0469494/
Spider-Man 2,/title/tt0316654/
Oldboy,/title/tt0364569/
Inglourious Basterds,/title/tt0361748/
Frozen,/title/tt2294629/
25th Hour,/title/tt0307901/
Requiem for a Dream,/title/tt0180093/
Shaun of the Dead,/title/tt0365748/
There Will Be Blood,/title/tt0469494/
"4 Months, 3 Weeks & 2 Days",/title/tt1032846/
Yi Yi: A One and a Two,/title/tt0244316/
Shame,/title/tt1723811/
Boyhood,/title/tt1065073/
The Social Network,/title/tt1285016/
Manchester by the Sea,/title/tt4034228/
Mulholland Drive,/title/tt0166924/
Head-On,/title/tt0347048/
In the Mood for Love,/title/tt0118694/
Sideways,/title/tt0375063/
The Social Network,/title/tt1285016/
"Synecdoche, New York",/title/tt0383028/
The Diving Bell and the Butterfly,/title/tt0401383/
Dogville,/title/tt0276919/
Short Term 12,/title/tt2370248/
WALL-E,/title/tt0910970/
Blue Valentine,/title/tt1120985/
The Squid and the Whale,/title/tt0367089/
A Serious Man,/title/tt1019452/
Jersey Boys,/title/tt1742044/
Moulin Rouge!,/title/tt0203009/
Nine Queens,/title/tt0247586/
Mia Madre,/title/tt0381392/
"Right Now, Wrong Then",/title/tt4768776/
Toy Story 3,/title/tt0435761/
Mad Max: Fury Road,/title/tt1392190/
Spirited Away,/title/tt0245429/
Adventureland,/title/tt1091722/
Open Range,/title/tt0316356/
The World,/title/tt0423176/
Profit Motive and the Whispering Wind,/title/tt1158308/
Inglourious Basterds,/title/tt0361748/
Pulse,/title/tt0286751/
Syndromes and a Century,/title/tt0477731/
In Jackson Heights,/title/tt4936064/
"Synecdoche, New York",/title/tt0383028/
Love Exposure,/title/tt1128075/
The Tree of Life,/title/tt0478304/
Casino Royale,/title/tt0381061/
Oldboy,/title/tt0364569/
Children of Men,/title/tt0206634/
Mulholland Drive,/title/tt0166924/
The Secret in Their Eyes,/title/tt1305806/
Sicario,/title/tt3397884/
No,/title/tt2059255/
Donnie Darko,/title/tt0246578/
Eternal Sunshine of the Spotless Mind,/title/tt0338013/
The Social Network,/title/tt1285016/
Whiplash,/title/tt2582802/
Ex Machina,/title/tt0470752/
Inside Out,/title/tt2096673/
Animal Kingdom,/title/tt5574490/
Apocalypto,/title/tt0472043/
Three Monkeys,/title/tt1233381/
WALL-E,/title/tt0910970/
Listen to Me Marlon,/title/tt4145178/
"4 Months, 3 Weeks & 2 Days",/title/tt1032846/
Talladega Nights: The Ballad of Ricky Bobby,/title/tt0415306/
Centochiodi,/title/tt0985597/
United 93,/title/tt0475276/
Zodiac,/title/tt0443706/
Bridesmaids,/title/tt1478338/
WALL-E,/title/tt0910970/
Brooklyn,/title/tt2381111/
The Look of Silence,/title/tt3521134/
Punch-Drunk Love,/title/tt0272338/
12 Years a Slave,/title/tt2024544/
Eternal Sunshine of the Spotless Mind,/title/tt0338013/
We Need to Talk About Kevin,/title/tt1242460/
Far From Heaven,/title/tt0297884/
Chuck & Buck,/title/tt0934814/
Gladiator,/title/tt0172495/
The Century of the Self,/title/tt0432232/
Moulin Rouge!,/title/tt0203009/
Munich,/title/tt0408306/
Casino Royale,/title/tt0381061/
Lilya 4-Ever,/title/tt0300140/
Sideways,/title/tt0375063/
Inglourious Basterds,/title/tt0361748/
Mulholland Drive,/title/tt0166924/
In the Mood for Love,/title/tt0118694/
The New World,/title/tt0402399/
Certified Copy,/title/tt1020773/
Femme Fatale,/title/tt0280665/
Margaret,/title/tt3777860/
Under the Skin,/title/tt1441395/
This Is Not a Film,/title/tt1667905/
Two Lovers,/title/tt1103275/
Heart of a Dog,/title/tt0096126/
In the Mood for Love,/title/tt0118694/
"4 Months, 3 Weeks & 2 Days",/title/tt1032846/
A Separation,/title/tt1832382/
Son of Saul,/title/tt3808342/
Elephant,/title/tt0363589/
A Prophet,/title/tt1235166/
There Will Be Blood,/title/tt0469494/
The Lives of Others,/title/tt0405094/
Frances Ha,/title/tt2347569/
Eternal Sunshine of the Spotless Mind,/title/tt0338013/
Werckmeister Harmonies,/title/tt0249241/
The Act of Killing,/title/tt2375605/
White Material,/title/tt1135952/
Spring Breakers,/title/tt2101441/
In the Mood for Love,/title/tt0118694/
Stranger by the Lake,/title/tt2852458/
Colossal Youth,/title/tt3295734/
Story of My Death,/title/tt3102458/
Aurora,/title/tt0018455/
Dogville,/title/tt0276919/
Zodiac,/title/tt0443706/
There Will Be Blood,/title/tt0469494/
Inside Llewyn Davis,/title/tt2042568/
Yi Yi: A One and a Two,/title/tt0244316/
The Turin Horse,/title/tt1316540/
The Master,/title/tt1560747/
It's Such a Beautiful Day,/title/tt2396224/
Boyhood,/title/tt1065073/
Shutter Island,/title/tt1130884/
Saraband,/title/tt0299478/
Memento,/title/tt0209144/
Blue Is the Warmest Color,/title/tt2278871/
The Return,/title/tt0441909/
Amour,/title/tt1602620/
Mulholland Drive,/title/tt0166924/
Import Export,/title/tt0459102/
Son of Saul,/title/tt3808342/
Kill Bill: Vol. 1,/title/tt0266697/
The Revenant,/title/tt1663202/
Tropical Malady,/title/tt0381668/
Mulholland Drive,/title/tt0166924/
The Turin Horse,/title/tt1316540/
Tie Xi Qu: West of the Tracks,/title/tt0389448/
Le filmeur,/title/tt0463991/
Holy Motors,/title/tt2076220/
Elephant,/title/tt0363589/
A Touch of Sin,/title/tt2852400/
Pan's Labyrinth,/title/tt0457430/
Spirited Away,/title/tt0245429/
The New World,/title/tt0402399/
Capitalism: Child Labor,/title/tt3703130/
Psalm III: 'Night of the Meek',/title/tt0351599/
Goodbye to Language,/title/tt2400275/
Daylight Moon,/title/tt0360504/
Oldboy,/title/tt0364569/
The Fourth Watch,/title/tt0282499/
Our Daily Bread,/title/tt0020768/
The World,/title/tt0423176/
Ankhon Dekhi,/title/tt3614516/
Court,/title/tt3717068/
"LSD: Love, Sex Aur Dhokha",/title/tt1608777/
Monsoon Wedding,/title/tt0265343/
Dev D,/title/tt1327035/
Paan Singh Tomar,/title/tt1620933/
Udaan,/title/tt10189514/
Hazaaron Khwaishein Aisi,/title/tt0411469/
Maqbool,/title/tt0379370/
Lagaan: Once Upon a Time in India,/title/tt0169102/
There Will Be Blood,/title/tt0469494/
Mulholland Drive,/title/tt0166924/
AI: Artificial Intelligence,/title/tt0212720/
Blue Is the Warmest Color,/title/tt2278871/
Spirited Away,/title/tt0245429/
Once Upon a Time in Anatolia,/title/tt1827487/
In the Mood for Love,/title/tt0118694/
The Lady and the Duke,/title/tt0239234/
Yi Yi: A One and a Two,/title/tt0244316/
Silent Souls,/title/tt1693830/
"Synecdoche, New York",/title/tt0383028/
Eternal Sunshine of the Spotless Mind,/title/tt0338013/
Boyhood,/title/tt1065073/
Mad Max: Fury Road,/title/tt1392190/
Me and You and Everyone We Know,/title/tt0415978/
Gone Girl,/title/tt2267998/
Inside Llewyn Davis,/title/tt2042568/
Only Lovers Left Alive,/title/tt1714915/
Selma,/title/tt1020072/
Pain & Gain,/title/tt1711018/
Inside Out,/title/tt2096673/
When the Levees Broke: A Requiem in Four Acts,/title/tt0783612/
Stories We Tell,/title/tt2366450/
Her,/title/tt1798709/
Children of Men,/title/tt0206634/
Before Midnight,/title/tt2209418/
The Look of Silence,/title/tt3521134/
Fruitvale Station,/title/tt2334649/
Love & Basketball,/title/tt3774694/
Brick,/title/tt1623205/
Stray Dogs,/title/tt0120399/
A Separation,/title/tt1832382/
Margaret,/title/tt3777860/
Ten,/title/tt0078721/
35 Shots of Rum,/title/tt1100048/
Closed Curtain,/title/tt2626926/
Tangerine,/title/tt3824458/
The Royal Tenenbaums,/title/tt0265666/
Spring Breakers,/title/tt2101441/
Uncle Boonmee Who Can Recall His Past Lives,/title/tt1588895/
Notre musique,/title/tt0360845/
Triple Agent,/title/tt0374294/
The Assassin,/title/tt0107843/
Gran Torino,/title/tt1205489/
Horse Money,/title/tt3907156/
Fantastic Mr Fox,/title/tt1531905/
Holy Motors,/title/tt2076220/
Death Proof – Grindhouse,/title/tt1028528/
Déjà Vu,/title/tt0453467/
Seventh Code,/title/tt3265404/
Waiting for Happiness,/title/tt0308363/
The White Ribbon,/title/tt1149362/
Dreams of a Life,/title/tt1819513/
Tey,/title/tt2178935/
The Gleaners and I,/title/tt0247380/
Lumumba,/title/tt0246765/
Hunger,/title/tt0085701/
Fruitvale Station,/title/tt2334649/
"Eat, Sleep, Die",/title/tt2085002/
Middle of Nowhere,/title/tt1032817/
A Serious Man,/title/tt1019452/
Inside Llewyn Davis,/title/tt2042568/
Star Trek,/title/tt0060028/
Waking Life,/title/tt0243017/
Ida,/title/tt1869716/
Enter the Void,/title/tt1191111/
There Will Be Blood,/title/tt0469494/
Of Gods and Men,/title/tt1588337/
Into Great Silence,/title/tt0478160/
Borat: Cultural Learnings of America for Make Benefit Glorious Nation of Kazakhstan,/title/tt0443453/
The Social Network,/title/tt1285016/
Boyhood,/title/tt1065073/
The Descendants,/title/tt1033575/
Beasts of the Southern Wild,/title/tt2125435/
No Country For Old Men,/title/tt0477348/
Idiocracy,/title/tt0387808/
Bridesmaids,/title/tt1478338/
Spring Breakers,/title/tt2101441/
American Psycho,/title/tt0144084/
The Dark Knight,/title/tt0468569/
Children of Men,/title/tt0206634/
There Will Be Blood,/title/tt0469494/
The Hurt Locker,/title/tt0887912/
"4 Months, 3 Weeks & 2 Days",/title/tt1032846/
Eternal Sunshine of the Spotless Mind,/title/tt0338013/
Boyhood,/title/tt1065073/
Lost in Translation,/title/tt0335266/
Michael Clayton,/title/tt0465538/
You Can Count on Me Me,/title/tt0203230/
Finding Nemo,/title/tt0266543/
Wolff Von Amerongen: Did He Commit Bankruptcy Offences?,/title/tt0499138/
The Master,/title/tt1560747/
Longing,/title/tt5545984/
I’m Not There,/title/tt0368794/
The External World,/title/tt1720261/
Secret Sunshine,/title/tt0817225/
Toni Erdmann,/title/tt4048272/
Platform,/title/tt8228288/
The Holy Girl,/title/tt0300270/
Mosaik mécanique,/title/tt1358862/
Boyhood,/title/tt1065073/
Holy Motors,/title/tt2076220/
The Tree of Life,/title/tt0478304/
In the Mood for Love,/title/tt0118694/
Inside Llewyn Davis,/title/tt2042568/
Certified Copy,/title/tt1020773/
Memento,/title/tt0209144/
Y Tu Mamá También,/title/tt0245574/
Mulholland Drive,/title/tt0166924/
A History of Violence,/title/tt0399146/
Good Night and Good Luck,/title/tt0433383/
Hugo,/title/tt0970179/
Ida,/title/tt1869716/
A Separation,/title/tt1832382/
Amour,/title/tt1602620/
The Act of Killing,/title/tt2375605/
Quills,/title/tt0180073/
The Sapphires,/title/tt1673697/
Where Do We Go Now?,/title/tt1772424/
Ajami,/title/tt1077262/
The Dark Knight,/title/tt0468569/
Inception,/title/tt1375666/
Hero,/title/tt0299977/
Inglourious Basterds,/title/tt0361748/
The Wolf of Wall Street,/title/tt0993846/
Chakde! India,/title/tt0871510/
In the Mood for Love,/title/tt0118694/
No Country For Old Men,/title/tt0477348/
Maqbool,/title/tt0379370/
The Lives of Others,/title/tt0405094/
The Pianist,/title/tt0253474/
Only Lovers Left Alive,/title/tt1714915/
Uncle Boonmee Who Can Recall His Past Lives,/title/tt1588895/
Leviathan,/title/tt0097737/
Amélie,/title/tt0211915/
Avatar,/title/tt0417299/
The Tree of Life,/title/tt0478304/
A Pigeon Sat on a Branch Reflecting on Existence,/title/tt1883180/
Boyhood,/title/tt1065073/
Coming Home,/title/tt0077362/
The Act of Killing,/title/tt2375605/
Caché,/title/tt0387898/
"Synecdoche, New York",/title/tt0383028/
Spirited Away,/title/tt0245429/
WALL-E,/title/tt0910970/
Uncle Boonmee Who Can Recall His Past Lives,/title/tt1588895/
Lost in Translation,/title/tt0335266/
Talk to Her,/title/tt0287467/
The Wrestler,/title/tt1125849/
Boyhood,/title/tt1065073/
In the Mood for Love,/title/tt0118694/
Caché,/title/tt0387898/
Yi Yi: A One and a Two,/title/tt0244316/
Zero Dark Thirty,/title/tt1790885/
Once Upon a Time in Anatolia,/title/tt1827487/
White Material,/title/tt1135952/
There Will Be Blood,/title/tt0469494/
The Look of Silence,/title/tt3521134/
The Turin Horse,/title/tt1316540/
The Great Beauty,/title/tt2358891/
The Tree of Life,/title/tt0478304/
Eden,/title/tt1734433/
Punch-Drunk Love,/title/tt0272338/
Ghost World,/title/tt0162346/
Tabu,/title/tt3647998/
Wendy and Lucy,/title/tt1152850/
The Headless Woman,/title/tt1221141/
Everyone Else,/title/tt4048272/
Millennium Mambo,/title/tt0283283/
In Vanda’s Room,/title/tt0139500/
The Master,/title/tt1560747/
The Tree of Life,/title/tt0478304/
Zodiac,/title/tt0443706/
Toni Erdmann,/title/tt4048272/
There Will Be Blood,/title/tt0469494/
My Golden Days,/title/tt4048050/
Carlos,/title/tt1321865/
A Serious Man,/title/tt1019452/
Moonrise Kingdom,/title/tt1748122/
The Son,/title/tt3839822/
The Headless Woman,/title/tt1221141/
Spirited Away,/title/tt0245429/
Mulholland Drive,/title/tt0166924/
Sumas y Restas,/title/tt0265825/
Inside Out,/title/tt2096673/
The Gleaners and I,/title/tt0247380/
The Return,/title/tt0441909/
Regular Lovers,/title/tt0443844/
Under the Skin,/title/tt1441395/
The Days When I Do Not Exist,/title/tt0365398/
The Tree of Life,/title/tt0478304/
Holy Motors,/title/tt2076220/
Tabu,/title/tt3647998/
A History of Violence,/title/tt0399146/
Tropical Malady,/title/tt0381668/
The Death of Mr Lazarescu,/title/tt0456149/
Phoenix,/title/tt2764784/
Platform,/title/tt8228288/
As I Was Moving Ahead Occasionally I Saw Brief Glimpses of Beauty,/title/tt0262240/
Secret Sunshine,/title/tt0817225/
Lost in Translation,/title/tt0335266/
Silver Linings Playbook,/title/tt1045658/
Brooklyn,/title/tt2381111/
Michael Clayton,/title/tt0465538/
Blue Valentine,/title/tt1120985/
Amélie,/title/tt0211915/
The Artist,/title/tt1655442/
The King’s Speech,/title/tt1504320/
Vera Drake,/title/tt0383694/
Wild,/title/tt2305051/
Theeb,/title/tt3170902/
A Time for Drunken Horses,/title/tt0259072/
Oldboy,/title/tt0364569/
Wild Tales,/title/tt3011894/
Man on Wire,/title/tt1155592/
Only Lovers Left Alive,/title/tt1714915/
Kill Bill: Vol. 1,/title/tt0266697/
The Royal Tenenbaums,/title/tt0265666/
Days of Glory,/title/tt0444182/
City of God,/title/tt0317248/
Hard to Be a God,/title/tt2328813/
Cosmos,/title/tt2395695/
Inside Llewyn Davis,/title/tt2042568/
Carlos,/title/tt1321865/
Che,/title/tt0892255/
The Master,/title/tt1560747/
There Will Be Blood,/title/tt0469494/
The Intruder,/title/tt6722030/
Morvern Callar,/title/tt0300214/
25th Hour,/title/tt0307901/
In the Mood for Love,/title/tt0118694/
Dogville,/title/tt0276919/
Ten,/title/tt0078721/
The White Ribbon,/title/tt1149362/
The Circle,/title/tt4287320/
Bad Education,/title/tt8206668/
Rust and Bone,/title/tt2053425/
5x2,/title/tt0354356/
Russian Ark,/title/tt0318034/
Far From Heaven,/title/tt0297884/
The Last of the Unjust,/title/tt2340784/
Once Upon a Time in Anatolia,/title/tt1827487/
"4 Months, 3 Weeks & 2 Days",/title/tt1032846/
"Police, Adjective",/title/tt1337051/
Far From Heaven,/title/tt0297884/
The Pianist,/title/tt0253474/
Winter Sleep,/title/tt2758880/
Brokeback Mountain,/title/tt0388795/
A Separation,/title/tt1832382/
Goodbye to Language,/title/tt2400275/
Boyhood,/title/tt1065073/
Holy Motors,/title/tt2076220/
Eternal Sunshine of the Spotless Mind,/title/tt0338013/
Uncle Boonmee Who Can Recall His Past Lives,/title/tt1588895/
Enter the Void,/title/tt1191111/
Son of Saul,/title/tt3808342/
Leviathan,/title/tt0097737/
The Act of Killing,/title/tt2375605/
12 Years a Slave,/title/tt2024544/
Idiocracy,/title/tt0387808/
Spirited Away,/title/tt0245429/
Yi Yi: A One and a Two,/title/tt0244316/
Before Sunset,/title/tt0381681/
You Can Count On Me,/title/tt0203230/
Inside Out,/title/tt2096673/
Morvern Callar,/title/tt0300214/
Stories We Tell,/title/tt2366450/
Animal Kingdom,/title/tt5574490/
Attack the Block,/title/tt1478964/
Jackass 3D,/title/tt1116184/
Mulholland Drive,/title/tt0166924/
AI: Artificial Intelligence,/title/tt0212720/
The Tree of Life,/title/tt0478304/
Syndromes and a Century,/title/tt0477731/
What Time Is It There?,/title/tt0269746/
The Intruder,/title/tt6722030/
The Son,/title/tt3839822/
Before Sunset,/title/tt0381681/
The Headless Woman,/title/tt1221141/
Femme Fatale,/title/tt0280665/
A Separation,/title/tt1832382/
Brooklyn,/title/tt2381111/
Inside Llewyn Davis,/title/tt2042568/
You Can Count On Me,/title/tt0203230/
Vera Drake,/title/tt0383694/
Letters From Iwo Jima,/title/tt0498380/
Nebraska,/title/tt1821549/
The Magdalene Sisters,/title/tt0318411/
Stories We Tell,/title/tt2366450/
Father of My Children,/title/tt1356928/
The Lives of Others,/title/tt0405094/
The Act of Killing,/title/tt2375605/
Fish Tank,/title/tt1232776/
Good Night and Good Luck,/title/tt0433383/
The White Ribbon,/title/tt1149362/
The Consequences of Love,/title/tt0398883/
No Country For Old Men,/title/tt0477348/
A Separation,/title/tt1832382/
Ratatouille,/title/tt0382932/
In the Mood for Love,/title/tt0118694/
Children of Men,/title/tt0206634/
No Country For Old Men,/title/tt0477348/
Before Sunset,/title/tt0381681/
Summer Hours,/title/tt0836700/
Eternal Sunshine of the Spotless Mind,/title/tt0338013/
Wet Hot American Summer,/title/tt0243655/
Cast Away,/title/tt0162222/
Caché,/title/tt0387898/
Traffic,/title/tt0181865/
Weekend,/title/tt1714210/
Yi Yi: A One and a Two,/title/tt0244316/
Café Lumière,/title/tt0412596/
"4 Months, 3 Weeks & 2 Days",/title/tt1032846/
The White Ribbon,/title/tt1149362/
In the Mood for Love,/title/tt0118694/
Millennium Actress,/title/tt0291350/
Spirited Away,/title/tt0245429/
A Separation,/title/tt1832382/
35 Shots of Rum,/title/tt1100048/
Toni Erdmann,/title/tt4048272/
The Grand Budapest Hotel,/title/tt2278388/
Brooklyn,/title/tt2381111/
Mad Max: Fury Road,/title/tt1392190/
Pan's Labyrinth,/title/tt0457430/
Hotel Rwanda,/title/tt0395169/
Silver Linings Playbook,/title/tt1045658/
Birdman,/title/tt2562232/
Inception,/title/tt1375666/
The Curious Case of Benjamin Button,/title/tt0421715/
Inglourious Basterds,/title/tt0361748/
Moulin Rouge!,/title/tt0203009/
White Material,/title/tt1135952/
Birth,/title/tt0337876/
Eternal Sunshine of the Spotless Mind,/title/tt0338013/
Talk to Her,/title/tt0287467/
Wendy and Lucy,/title/tt1152850/
Spirited Away,/title/tt0245429/
Gravity,/title/tt1454468/
Tabu,/title/tt3647998/
Weekend,/title/tt1714210/
In the Mood for Love,/title/tt0118694/
"Spring, Summer, Fall, Winter…and Spring",/title/tt0374546/
A History of Violence,/title/tt0399146/
Talk to Her,/title/tt0287467/
Carol,/title/tt2402927/
Melancholia,/title/tt1527186/
The White Ribbon,/title/tt1149362/
The Return,/title/tt0441909/
The Child,/title/tt0456396/
Silent Light,/title/tt0841925/
In the Mood for Love,/title/tt0118694/
Tropical Malady,/title/tt0381668/
Mulholland Drive,/title/tt0166924/
The Assassin,/title/tt0107843/
Shame,/title/tt1723811/
Spirited Away,/title/tt0245429/
The Hurt Locker,/title/tt0887912/
Toni Erdmann,/title/tt4048272/
Winter's Bone,/title/tt1399683/
A Prophet,/title/tt1235166/
Moon,/title/tt1182345/
The Great Beauty,/title/tt2358891/
The Lives of Others,/title/tt0405094/
In the Mood for Love,/title/tt0118694/
The Taste of Others,/title/tt0216787/
Wild Tales,/title/tt3011894/
Bridesmaids,/title/tt1478338/
Eternal Sunshine of the Spotless Mind,/title/tt0338013/
"O Brother, Where Art Thou?",/title/tt0190590/
Inglourious Basterds,/title/tt0361748/
Once Upon a Time in Anatolia,/title/tt1827487/
The Assassination of Jesse James by the Coward Robert Ford,/title/tt0443680/
The Social Network,/title/tt1285016/
The Grand Budapest Hotel,/title/tt2278388/
The Lord of the Rings: The Fellowship of the Ring,/title/tt0120737/
The Tree of Life,/title/tt0478304/
Holy Motors,/title/tt2076220/
Timbuktu,/title/tt3409392/
No,/title/tt2059255/
Pan's Labyrinth,/title/tt0457430/
Moolaadé,/title/tt0416991/
Days of Glory,/title/tt0444182/
Timbuktu,/title/tt3409392/
Making Of,/title/tt2211083/
House of Flying Daggers,/title/tt0385004/
City of God,/title/tt0317248/
Miners Shot Down,/title/tt3677896/
678,/title/tt1764141/
Hijack Stories,/title/tt0215841/
Waltz with Bashir,/title/tt1185616/
No Country For Old Men,/title/tt0477348/
Spotlight,/title/tt1895587/
United 93,/title/tt0475276/
The Gatekeepers,/title/tt2309788/
Sexy Beast,/title/tt0203119/
A Separation,/title/tt1832382/
Memento,/title/tt0209144/
Letters From Iwo Jima,/title/tt0498380/
Anchorman: The Legend of Ron Burgundy,/title/tt0357413/
The Wrestler,/title/tt1125849/
Los Angeles Plays Itself,/title/tt0379357/
Mulholland Drive,/title/tt0166924/
Goodbye to Language,/title/tt2400275/
Millennium Mambo,/title/tt0283283/
Margaret,/title/tt3777860/
Crank,/title/tt0479884/
The Forest for the Trees,/title/tt4048272/
Miami Vice,/title/tt0086759/
Woman on the Beach,/title/tt0835787/
The Son,/title/tt3839822/
Yi Yi: A One and a Two,/title/tt0244316/
The White Ribbon,/title/tt1149362/
Fish Tank,/title/tt1232776/
Spirited Away,/title/tt0245429/
Timbuktu,/title/tt3409392/
"4 Months, 3 Weeks & 2 Days",/title/tt1032846/
No Country For Old Men,/title/tt0477348/
Silent Souls,/title/tt1693830/
A Separation,/title/tt1832382/
Nostalgia for the Light,/title/tt1556190/
Holy Motors,/title/tt2076220/
Lifeline,/title/tt7034646/
Certified Copy,/title/tt1020773/
Kung Fu Hustle,/title/tt0373074/
Instructions for a Light and Sound Machine,/title/tt0493428/
Un lac,/title/tt1270702/
Detention,/title/tt1701990/
A Vingança de Uma Mulher,/title/tt2050453/
Mia Madre,/title/tt0381392/
Femme Fatale,/title/tt0280665/
The Wolf of Wall Street,/title/tt0993846/
No Country For Old Men,/title/tt0477348/
Spirited Away,/title/tt0245429/
Million Dollar Baby,/title/tt0405159/
The Ghost Writer,/title/tt1139328/
The Son's Room,/title/tt0208990/
A History of Violence,/title/tt0399146/
Talk to Her,/title/tt0287467/
Before the Devil Knows You're Dead,/title/tt0292963/
Match Point,/title/tt0416320/
Carlos,/title/tt1321865/
Zodiac,/title/tt0443706/
Leviathan,/title/tt0097737/
Mulholland Drive,/title/tt0166924/
The Assassination of Jesse James by the Coward Robert Ford,/title/tt0443680/
The Incredibles,/title/tt0317705/
Children of Men,/title/tt0206634/
Fantastic Mr Fox,/title/tt1531905/
Grizzly Man,/title/tt0427312/
Brokeback Mountain,/title/tt0388795/
You Ain’t Seen Nothin’ Yet,/title/tt1690389/
No Home Movie,/title/tt4881016/
The Romance of Astrea and Celadon,/title/tt0823240/
The Strange Case of Angelica,/title/tt1282153/
Michelangelo Eye to Eye,/title/tt0409285/
Warming by the Devil's Fire,/title/tt1065628/
The New World,/title/tt0402399/
Café Lumière,/title/tt0412596/
You Will Meet a Tall Dark Stranger,/title/tt1182350/
The Hateful Eight,/title/tt3460252/
Eternal Sunshine of the Spotless Mind,/title/tt0338013/
"Crouching Tiger, Hidden Dragon",/title/tt0190332/
Holy Motors,/title/tt2076220/
City of God,/title/tt0317248/
Enter the Void,/title/tt1191111/
Hedwig and the Angry Inch,/title/tt0248845/
Melancholia,/title/tt1527186/
Mad Max: Fury Road,/title/tt1392190/
The Lord of the Rings: The Fellowship of the Ring,/title/tt0120737/
Grizzly Man,/title/tt0427312/
Inherent Vice,/title/tt1791528/
Mulholland Drive,/title/tt0166924/
Melancholia,/title/tt1527186/
There Will Be Blood,/title/tt0469494/
Under the Skin,/title/tt1441395/
Fat Girl,/title/tt0243255/
A Serious Man,/title/tt1019452/
Battle Royale,/title/tt0266308/
The Turin Horse,/title/tt1316540/
Bad Lieutenant: Port of Call New Orleans,/title/tt1095217/
Mulholland Drive,/title/tt0166924/
The Tree of Life,/title/tt0478304/
Night Will Fall,/title/tt3455822/
12 Years a Slave,/title/tt2024544/
We Need to Talk About Kevin,/title/tt1242460/
Boyhood,/title/tt1065073/
Amour,/title/tt1602620/
The Lives of Others,/title/tt0405094/
Nostalgia for the Light,/title/tt1556190/
Red Road,/title/tt0471030/
Before Midnight,/title/tt2209418/
Eternal Sunshine of the Spotless Mind,/title/tt0338013/
Munich,/title/tt0408306/
The Social Network,/title/tt1285016/
The Grand Budapest Hotel,/title/tt2278388/
Sexy Beast,/title/tt0203119/
The Lobster,/title/tt3464902/
Inglourious Basterds,/title/tt0361748/
Best in Show,/title/tt0218839/
Gladiator,/title/tt0172495/
Yi Yi: A One and a Two,/title/tt0244316/
A Separation,/title/tt1832382/
25th Hour,/title/tt0307901/
"4 Months, 3 Weeks & 2 Days",/title/tt1032846/
WALL-E,/title/tt0910970/
Phoenix,/title/tt2764784/
Selma,/title/tt1020072/
Timbuktu,/title/tt3409392/
About Elly,/title/tt1360860/
I’m Going Home,/title/tt0283422/
Inside Llewyn Davis,/title/tt2042568/
There Will Be Blood,/title/tt0469494/
Inside Out,/title/tt2096673/
Carol,/title/tt2402927/
Brooklyn,/title/tt2381111/
"Crouching Tiger, Hidden Dragon",/title/tt0190332/
Boyhood,/title/tt1065073/
Fruitvale Station,/title/tt2334649/
Blue Valentine,/title/tt1120985/
Her,/title/tt1798709/
Good Bye Lenin!,/title/tt0301357/
Lost in Translation,/title/tt0335266/
Spotlight,/title/tt1895587/
Pan's Labyrinth,/title/tt0457430/
Mad Max: Fury Road,/title/tt1392190/
The Baader Meinhof Complex,/title/tt0765432/
Boyhood,/title/tt1065073/
No Man's Land,/title/tt0119164/
Che,/title/tt0892255/
Ghost World,/title/tt0162346/
"Synecdoche, New York",/title/tt0383028/
Eternal Sunshine of the Spotless Mind,/title/tt0338013/
Django Unchained,/title/tt1853728/
The Grand Budapest Hotel,/title/tt2278388/
Alpha Dog,/title/tt0426883/
Her,/title/tt1798709/
Young Adult,/title/tt1625346/
The Dark Knight,/title/tt0468569/
Tropic Thunder,/title/tt0942385/
Children of Men,/title/tt0206634/
Memento,/title/tt0209144/
Oldboy,/title/tt0364569/
The Circle,/title/tt4287320/
The Lives of Others,/title/tt0405094/
Dirty Pretty Things,/title/tt0301199/
We Need to Talk About Kevin,/title/tt1242460/
The Imposter,/title/tt0091991/
A Girl Walks Home Alone at Night,/title/tt2326554/
Mother,/title/tt5109784/
Bone Tomahawk,/title/tt2494362/
Boyhood,/title/tt1065073/
Melancholia,/title/tt1527186/
The Great Beauty,/title/tt2358891/
The White Ribbon,/title/tt1149362/
A Separation,/title/tt1832382/
Winter Sleep,/title/tt2758880/
Spirited Away,/title/tt0245429/
The Artist,/title/tt1655442/
Spring Breakers,/title/tt2101441/
The Queen,/title/tt0436697/
Caché,/title/tt0387898/
Spirited Away,/title/tt0245429/
Eternal Sunshine of the Spotless Mind,/title/tt0338013/
The Tree of Life,/title/tt0478304/
The Grand Budapest Hotel,/title/tt2278388/
The Comedy,/title/tt2112293/
Zero Dark Thirty,/title/tt1790885/
No Country For Old Men,/title/tt0477348/
Memories of Murder,/title/tt0353969/
Borat: Cultural Learnings of America for Make Benefit Glorious Nation of Kazakhstan,/title/tt0443453/
There Will Be Blood,/title/tt0469494/
Pan's Labyrinth,/title/tt0457430/
Children of Men,/title/tt0206634/
Brokeback Mountain,/title/tt0388795/
The Dark Knight,/title/tt0468569/
Almost Famous,/title/tt0181875/
A Serious Man,/title/tt1019452/
Kill Bill: Vol. 1,/title/tt0266697/
Donnie Darko,/title/tt0246578/
"O Brother, Where Art Thou?",/title/tt0190590/
There Will Be Blood,/title/tt0469494/
Ratatouille,/title/tt0382932/
Climates,/title/tt0498097/
Mulholland Drive,/title/tt0166924/
Y Tu Mamá También,/title/tt0245574/
Her,/title/tt1798709/
Boyhood,/title/tt1065073/
Poetry,/title/tt1287878/
The Grand Budapest Hotel,/title/tt2278388/
Zodiac,/title/tt0443706/
Yi Yi: A One and a Two,/title/tt0244316/
Y Tu Mamá También,/title/tt0245574/
Mulholland Drive,/title/tt0166924/
Waking Life,/title/tt0243017/
In the Mood for Love,/title/tt0118694/
Moonrise Kingdom,/title/tt1748122/
25th Hour,/title/tt0307901/
Certified Copy,/title/tt1020773/
AI: Artificial Intelligence,/title/tt0212720/
Only Lovers Left Alive,/title/tt1714915/
Melancholia,/title/tt1527186/
Spirited Away,/title/tt0245429/
Beyond the Hills,/title/tt2258281/
Let the Right One In,/title/tt1139797/
Stories We Tell,/title/tt2366450/
Carol,/title/tt2402927/
The Death of Mr Lazarescu,/title/tt0456149/
The Master,/title/tt1560747/
Caché,/title/tt0387898/
All Divided Selves,/title/tt2261217/
The White Ribbon,/title/tt1149362/
Winter Sleep,/title/tt2758880/
Timbuktu,/title/tt3409392/
Mia Madre,/title/tt0381392/
The Return,/title/tt0441909/
Oasis,/title/tt6268052/
Bad Education,/title/tt8206668/
The Artist,/title/tt1655442/
Oldboy,/title/tt0364569/
The House of Mirth,/title/tt0200720/
Boyhood,/title/tt1065073/
"Crouching Tiger, Hidden Dragon",/title/tt0190332/
Locke,/title/tt2692904/
The Hurt Locker,/title/tt0887912/
Pan's Labyrinth,/title/tt0457430/
The Lives of Others,/title/tt0405094/
Sin Nombre,/title/tt1127715/
Nebraska,/title/tt1821549/
Fruitvale Station,/title/tt2334649/
Man on Wire,/title/tt1155592/
A Separation,/title/tt1832382/
Babel,/title/tt0449467/
"Spring, Summer, Fall, Winter…and Spring",/title/tt0374546/
In the Mood for Love,/title/tt0118694/
Spirited Away,/title/tt0245429/
Brokeback Mountain,/title/tt0388795/
Oldboy,/title/tt0364569/
Ten,/title/tt0078721/
Russian Ark,/title/tt0318034/
Once Upon a Time in Anatolia,/title/tt1827487/
Goodbye to Language,/title/tt2400275/
Colossal Youth,/title/tt3295734/
Werckmeister Harmonies,/title/tt0249241/
Holy Motors,/title/tt2076220/
Uncle Boonmee Who Can Recall His Past Lives,/title/tt1588895/
Leviathan,/title/tt0097737/
Tabu,/title/tt3647998/
The Sky Trembles and the Earth Is Afraid and the Two Eyes Are Not Brothers,/title/tt4881172/
From What Is Before,/title/tt3303310/
Lost and Beautiful,/title/tt2188860/
The Tree of Life,/title/tt0478304/
In the Mood for Love,/title/tt0118694/
The Assassination of Jesse James by the Coward Robert Ford,/title/tt0443680/
Inside Llewyn Davis,/title/tt2042568/
Zodiac,/title/tt0443706/
Inherent Vice,/title/tt1791528/
Children of Men,/title/tt0206634/
Lost in Translation,/title/tt0335266/
25th Hour,/title/tt0307901/
Carol,/title/tt2402927/
Mulholland Drive,/title/tt0166924/
The Captive,/title/tt2326612/
Tie Xi Qu: West of the Tracks,/title/tt0389448/
The Yards,/title/tt0138946/
Platform,/title/tt8228288/
Shara,/title/tt0363060/
Ten,/title/tt0078721/
Twixt,/title/tt1756851/
To Die Like a Man,/title/tt1424361/
Spring Breakers,/title/tt2101441/
The Diving Bell and the Butterfly,/title/tt0401383/
Blue Is the Warmest Color,/title/tt2278871/
Let the Right One In,/title/tt1139797/
The Act of Killing,/title/tt2375605/
Pan's Labyrinth,/title/tt0457430/
There Will Be Blood,/title/tt0469494/
A Separation,/title/tt1832382/
A Prophet,/title/tt1235166/
WALL-E,/title/tt0910970/
District 9,/title/tt1136608/
Certified Copy,/title/tt1020773/
Inside Llewyn Davis,/title/tt2042568/
The Master,/title/tt1560747/
In the Mood for Love,/title/tt0118694/
It's Such a Beautiful Day,/title/tt2396224/
The Deep Blue Sea,/title/tt1700844/
Eternal Sunshine of the Spotless Mind,/title/tt0338013/
Sita Sings the Blues,/title/tt1172203/
The Babadook,/title/tt2321549/
Holy Motors,/title/tt2076220/
Eternal Sunshine of the Spotless Mind,/title/tt0338013/
WALL-E,/title/tt0910970/
In the Mood for Love,/title/tt0118694/
There Will Be Blood,/title/tt0469494/
Take This Waltz,/title/tt1592281/
The Diving Bell and the Butterfly,/title/tt0401383/
Son of Saul,/title/tt3808342/
Man on Wire,/title/tt1155592/
"4 Months, 3 Weeks & 2 Days",/title/tt1032846/
Avatar,/title/tt0417299/
"Crouching Tiger, Hidden Dragon",/title/tt0190332/
Bend It Like Beckham,/title/tt0286499/
Her,/title/tt1798709/
Ida,/title/tt1869716/
The Namesake,/title/tt0433416/
The New World,/title/tt0402399/
Pan's Labyrinth,/title/tt0457430/
Paradise Now,/title/tt0445620/
Selma,/title/tt1020072/
The Social Network,/title/tt1285016/
Eternal Sunshine of the Spotless Mind,/title/tt0338013/
Brokeback Mountain,/title/tt0388795/
The Dark Knight,/title/tt0468569/
Finding Nemo,/title/tt0266543/
Whiplash,/title/tt2582802/
Shame,/title/tt1723811/
Revolutionary Road,/title/tt0959337/
Inside Llewyn Davis,/title/tt2042568/
Weekend,/title/tt1714210/
Persepolis,/title/tt0808417/
In the Mood for Love,/title/tt0118694/
Son of Saul,/title/tt3808342/
The Hurt Locker,/title/tt0887912/
The Beat That My Heart Skipped,/title/tt0411270/
The Edge of Heaven,/title/tt0880502/
Waltz with Bashir,/title/tt1185616/
Oldboy,/title/tt0364569/
Good Bye Lenin!,/title/tt0301357/
Ida,/title/tt1869716/
Incendies,/title/tt1255953/
Mulholland Drive,/title/tt0166924/
"Synecdoche, New York",/title/tt0383028/
Birth,/title/tt0337876/
Elena,/title/tt1925421/
Carol,/title/tt2402927/
Tabu,/title/tt3647998/
Master and Commander: The Far Side of the World,/title/tt0311113/
Margaret,/title/tt3777860/
There Will Be Blood,/title/tt0469494/
12 Years a Slave,/title/tt2024544/
25th Hour,/title/tt0307901/
City of God,/title/tt0317248/
The Act of Killing,/title/tt2375605/
The Prestige,/title/tt0482571/
Spirited Away,/title/tt0245429/
The Incredibles,/title/tt0317705/
Gosford Park,/title/tt0280707/
Memento,/title/tt0209144/
Song of the Sea,/title/tt1865505/
"Synecdoche, New York",/title/tt0383028/
Mulholland Drive,/title/tt0166924/
In the Mood for Love,/title/tt0118694/
No Country For Old Men,/title/tt0477348/
There Will Be Blood,/title/tt0469494/
Spirited Away,/title/tt0245429/
City of God,/title/tt0317248/
Yi Yi: A One and a Two,/title/tt0244316/
Adaptation,/title/tt0268126/
A Separation,/title/tt1832382/
Elephant,/title/tt0363589/
Werckmeister Harmonies,/title/tt0249241/
Syndromes and a Century,/title/tt0477731/
My Winnipeg,/title/tt1093842/
35 Shots of Rum,/title/tt1100048/
The Royal Tenenbaums,/title/tt0265666/
The Great Beauty,/title/tt2358891/
"Monsters, Inc.",/title/tt0198781/
The Arbor,/title/tt1623008/
The Clock,/title/tt0037604/
"Goodbye, Dragon Inn",/title/tt0377556/
Zodiac,/title/tt0443706/
"Crouching Tiger, Hidden Dragon",/title/tt0190332/
Zero Dark Thirty,/title/tt1790885/
Spirited Away,/title/tt0245429/
2046,/title/tt0212712/
Moonrise Kingdom,/title/tt1748122/
Beasts of the Southern Wild,/title/tt2125435/
Boyhood,/title/tt1065073/
Short Term 12,/title/tt2370248/
Monster,/title/tt0340855/
Caramel,/title/tt0825236/
The Tiger and the Snow,/title/tt0419198/
Taxi Tehran,/title/tt4359416/
A Borrowed Identity,/title/tt2841572/
When I Saw You,/title/tt2369543/
99 Homes,/title/tt2891174/
Somewhere,/title/tt1421051/
Human,/title/tt2654580/
Brokeback Mountain,/title/tt0388795/
About Elly,/title/tt1360860/
Zodiac,/title/tt0443706/
Mulholland Drive,/title/tt0166924/
In the Mood for Love,/title/tt0118694/
Yi Yi: A One and a Two,/title/tt0244316/
Boyhood,/title/tt1065073/
American Psycho,/title/tt0144084/
Lilya 4-Ever,/title/tt0300140/
Drive,/title/tt0780504/
25th Hour,/title/tt0307901/
A Serious Man,/title/tt1019452/
The Tree of Life,/title/tt0478304/
Children of Men,/title/tt0206634/
Alexandre Sokurov,/title/tt4296736/
There Will Be Blood,/title/tt0469494/
Letters From Iwo Jima,/title/tt0498380/
The Death of Mr Lazarescu,/title/tt0456149/
Paradise Now,/title/tt0445620/
Leviathan,/title/tt0097737/
A Pigeon Sat on a Branch Reflecting on Existence,/title/tt1883180/
Amélie,/title/tt0211915/
Inside Llewyn Davis,/title/tt2042568/
25th Hour,/title/tt0307901/
Almost Famous,/title/tt0181875/
Lost in Translation,/title/tt0335266/
Punch-Drunk Love,/title/tt0272338/
Zodiac,/title/tt0443706/
Eternal Sunshine of the Spotless Mind,/title/tt0338013/
The Social Network,/title/tt1285016/
12 Years a Slave,/title/tt2024544/
Spotlight,/title/tt1895587/
In the Mood for Love,/title/tt0118694/
The Lives of Others,/title/tt0405094/
Eternal Sunshine of the Spotless Mind,/title/tt0338013/
Kill Bill: Vol. 1,/title/tt0266697/
Inception,/title/tt1375666/
Talk to Her,/title/tt0287467/
Amores Perros,/title/tt0245712/
Infernal Affairs,/title/tt0338564/
Lost in Translation,/title/tt0335266/
Shrek,/title/tt0126029/
The Time That Remains,/title/tt1037163/
The Turin Horse,/title/tt1316540/
The Box of Life,/title/tt0303792/
Men at Work,/title/tt0100135/
Tey,/title/tt2178935/
A Touch of Sin,/title/tt2852400/
Arabian Nights: Volume 1 – The Restless One,/title/tt3284178/
Nostalgia for the Light,/title/tt1556190/
"I Travel Because I Have To, I Come Back Because I Love You",/title/tt1500761/
Werckmeister Harmonies,/title/tt0249241/
Leviathan,/title/tt0097737/
The Gleaners and I,/title/tt0247380/
The Great Beauty,/title/tt2358891/
The Act of Killing,/title/tt2375605/
"Norte, the End of History",/title/tt2852432/
Caché,/title/tt0387898/
Nostalgia for the Light,/title/tt1556190/
Spirited Away,/title/tt0245429/
A Separation,/title/tt1832382/
The New World,/title/tt0402399/
Mulholland Drive,/title/tt0166924/
Zodiac,/title/tt0443706/
There Will Be Blood,/title/tt0469494/
In the Mood for Love,/title/tt0118694/
Three Times,/title/tt0459666/
The Tree of Life,/title/tt0478304/
The Act of Killing,/title/tt2375605/
"Synecdoche, New York",/title/tt0383028/
Pulse,/title/tt0286751/
In the Mood for Love,/title/tt0118694/
Zero Dark Thirty,/title/tt1790885/
Inside Out,/title/tt2096673/
Brokeback Mountain,/title/tt0388795/
The Departed,/title/tt0407887/
12 Years a Slave,/title/tt2024544/
Talk to Her,/title/tt0287467/
"Crouching Tiger, Hidden Dragon",/title/tt0190332/
No Country For Old Men,/title/tt0477348/
Beginners,/title/tt1532503/
The Act of Killing,/title/tt2375605/
The Look of Silence,/title/tt3521134/
The Tree of Life,/title/tt0478304/
Knight of Cups,/title/tt2101383/
Inherent Vice,/title/tt1791528/
The Grand Budapest Hotel,/title/tt2278388/
A Separation,/title/tt1832382/
Godzilla,/title/tt0831387/
Under the Skin,/title/tt1441395/
No,/title/tt2059255/
Persepolis,/title/tt0808417/
Boyhood,/title/tt1065073/
Mulholland Drive,/title/tt0166924/
The Hurt Locker,/title/tt0887912/
Girlhood,/title/tt3655522/
Eden,/title/tt1734433/
A Touch of Sin,/title/tt2852400/
24 Hour Party People,/title/tt0274309/
Toni Erdmann,/title/tt4048272/
There Will Be Blood,/title/tt0469494/
12 Years a Slave,/title/tt2024544/
Under the Skin,/title/tt1441395/
Leviathan,/title/tt0097737/
The Great Beauty,/title/tt2358891/
Nebraska,/title/tt1821549/
Before Sunset,/title/tt0381681/
Team America: World Police,/title/tt0372588/
Dogville,/title/tt0276919/
Borat: Cultural Learnings of America for Make Benefit Glorious Nation of Kazakhstan,/title/tt0443453/
Yi Yi: A One and a Two,/title/tt0244316/
Spirited Away,/title/tt0245429/
Margaret,/title/tt3777860/
There Will Be Blood,/title/tt0469494/
The Grand Budapest Hotel,/title/tt2278388/
Still Walking,/title/tt1087578/
Moolaadé,/title/tt0416991/
Memento,/title/tt0209144/
Oldboy,/title/tt0364569/
"Crouching Tiger, Hidden Dragon",/title/tt0190332/
Boyhood,/title/tt1065073/
Holy Motors,/title/tt2076220/
Mulholland Drive,/title/tt0166924/
Memento,/title/tt0209144/
The Master,/title/tt1560747/
Inside Llewyn Davis,/title/tt2042568/
The Diving Bell and the Butterfly,/title/tt0401383/
My Winnipeg,/title/tt1093842/
Inside Out,/title/tt2096673/
Step Brothers,/title/tt0838283/
Bright Star,/title/tt0810784/
Mad Max: Fury Road,/title/tt1392190/
Caché,/title/tt0387898/
Zodiac,/title/tt0443706/
Mr Turner,/title/tt2473794/
Amour,/title/tt1602620/
The Master,/title/tt1560747/
Only Lovers Left Alive,/title/tt1714915/
Inside Llewyn Davis,/title/tt2042568/
Tabu,/title/tt3647998/
Memento,/title/tt0209144/
Requiem for a Dream,/title/tt0180093/
The Lord of the Rings: The Return of the King,/title/tt0167260/
Drive,/title/tt0780504/
Holy Motors,/title/tt2076220/
Mad Max: Fury Road,/title/tt1392190/
Kill List,/title/tt1788391/
Toy Story 3,/title/tt0435761/
Kiss Kiss Bang Bang,/title/tt0373469/
Inside Llewyn Davis,/title/tt2042568/
Mulholland Drive,/title/tt0166924/
No Country For Old Men,/title/tt0477348/
Amélie,/title/tt0211915/
Memento,/title/tt0209144/
In the Mood for Love,/title/tt0118694/
Talk to Her,/title/tt0287467/
Memories of Murder,/title/tt0353969/
WALL-E,/title/tt0910970/
Bowling for Columbine,/title/tt0310793/
Children of Men,/title/tt0206634/
Mulholland Drive,/title/tt0166924/
Son of Saul,/title/tt3808342/
Ida,/title/tt1869716/
Eternal Sunshine of the Spotless Mind,/title/tt0338013/
The White Ribbon,/title/tt1149362/
Still Walking,/title/tt1087578/
The Act of Killing,/title/tt2375605/
Dogville,/title/tt0276919/
Birdman,/title/tt2562232/
Grizzly Man,/title/tt0427312/
Amour,/title/tt1602620/
Distant,/title/tt9883398/
A Separation,/title/tt1832382/
Samson & Delilah,/title/tt6951892/
Leviathan,/title/tt0097737/
Still Walking,/title/tt1087578/
Talk to Her,/title/tt0287467/
Million Dollar Baby,/title/tt0405159/
No Country For Old Men,/title/tt0477348/
The Man Without A Past,/title/tt0311519/
Mysteries of Lisbon,/title/tt1236371/
Margaret,/title/tt3777860/
The New World,/title/tt0402399/
Secret Things,/title/tt0287963/
La Ciénaga,/title/tt0240419/
Toni Erdmann,/title/tt4048272/
In the Family,/title/tt7642818/
Tabu,/title/tt3647998/
Gerry,/title/tt0302674/
Tropical Malady,/title/tt0381668/
The Turin Horse,/title/tt1316540/
The Return,/title/tt0441909/
The White Ribbon,/title/tt1149362/
In the Mood for Love,/title/tt0118694/
Songs from the Second Floor,/title/tt0120263/
Journey to the West,/title/tt2017561/
The 3 Rooms of Melancholia,/title/tt0424272/
The Gleaners and I,/title/tt0247380/
Spirited Away,/title/tt0245429/
Japon,/title/tt0322824/
Blue Is the Warmest Color,/title/tt2278871/
Only Lovers Left Alive,/title/tt1714915/
Mulholland Drive,/title/tt0166924/
Somewhere,/title/tt1421051/
25th Hour,/title/tt0307901/
Inglourious Basterds,/title/tt0361748/
The Artist,/title/tt1655442/
Phoenix,/title/tt2764784/
Femme Fatale,/title/tt0280665/
Fantastic Mr Fox,/title/tt1531905/
Neighboring Sounds,/title/tt2190367/
The Master,/title/tt1560747/
The Band’s Visit,/title/tt1032856/
Time Out,/title/tt1637688/
Margaret,/title/tt3777860/
Ratatouille,/title/tt0382932/
Burning Bush,/title/tt2280344/
"4 Months, 3 Weeks & 2 Days",/title/tt1032846/
Leviathan,/title/tt0097737/
Barbara,/title/tt2178941/
The Assassin,/title/tt0107843/
The Grand Budapest Hotel,/title/tt2278388/
Inception,/title/tt1375666/
Uncle Boonmee Who Can Recall His Past Lives,/title/tt1588895/
The Act of Killing,/title/tt2375605/
No Country For Old Men,/title/tt0477348/
A Tale of Two Sisters,/title/tt0365376/
Still Life,/title/tt2395417/
Spirited Away,/title/tt0245429/
In the Mood for Love,/title/tt0118694/
Goodbye to Language,/title/tt2400275/
Russian Ark,/title/tt0318034/
Holy Motors,/title/tt2076220/
In the Mood for Love,/title/tt0118694/
Gravity,/title/tt1454468/
There Will Be Blood,/title/tt0469494/
About Elly,/title/tt1360860/
Moonrise Kingdom,/title/tt1748122/
The Headless Woman,/title/tt1221141/
Pan's Labyrinth,/title/tt0457430/
The Tree of Life,/title/tt0478304/
Boyhood,/title/tt1065073/
Zodiac,/title/tt0443706/
Yi Yi: A One and a Two,/title/tt0244316/
Margaret,/title/tt3777860/
Meek's Cutoff,/title/tt1518812/
25th Hour,/title/tt0307901/
A Separation,/title/tt1832382/
Certified Copy,/title/tt1020773/
There Will Be Blood,/title/tt0469494/
Mulholland Drive,/title/tt0166924/
There Will Be Blood,/title/tt0469494/
No Country For Old Men,/title/tt0477348/
The Social Network,/title/tt1285016/
Children of Men,/title/tt0206634/
The Departed,/title/tt0407887/
In the Mood for Love,/title/tt0118694/
12 Years a Slave,/title/tt2024544/
Memento,/title/tt0209144/
Manchester by the Sea,/title/tt4034228/
The Dark Knight,/title/tt0468569/
Mad Max: Fury Road,/title/tt1392190/
Captain America: Winter Soldier,/title/tt8008580/
Star Wars: Episode VII – The Force Awakens,/title/tt2488496/
Love Actually,/title/tt0314331/
Brick,/title/tt1623205/
Chicago,/title/tt0299658/
Tropic Thunder,/title/tt0942385/
High Fidelity,/title/tt0146882/
Silver Linings Playbook,/title/tt1045658/
City of God,/title/tt0317248/
The Dark Knight,/title/tt0468569/
Pan's Labyrinth,/title/tt0457430/
The Lives of Others,/title/tt0405094/
Four Lions,/title/tt1341167/
Amores Perros,/title/tt0245712/
Gangs of Wasseypur,/title/tt1954470/
District 9,/title/tt1136608/
Lagaan: Once Upon a Time in India,/title/tt0169102/
This Is England,/title/tt0480025/
Mulholland Drive,/title/tt0166924/
The Assassin,/title/tt0107843/
A Separation,/title/tt1832382/
Moulin Rouge!,/title/tt0203009/
Tropical Malady,/title/tt0381668/
In the Mood for Love,/title/tt0118694/
Spirited Away,/title/tt0245429/
"4 Months, 3 Weeks & 2 Days",/title/tt1032846/
Yi Yi: A One and a Two,/title/tt0244316/
Bowling for Columbine,/title/tt0310793/
Shame,/title/tt1723811/
There Will Be Blood,/title/tt0469494/
Pan's Labyrinth,/title/tt0457430/
The Skin I Live In,/title/tt1189073/
Boyhood,/title/tt1065073/
The Hurt Locker,/title/tt0887912/
"4 Months, 3 Weeks & 2 Days",/title/tt1032846/
A Separation,/title/tt1832382/
The Royal Tenenbaums,/title/tt0265666/
No Country For Old Men,/title/tt0477348/
No Country For Old Men,/title/tt0477348/
There Will Be Blood,/title/tt0469494/
WALL-E,/title/tt0910970/
Spotlight,/title/tt1895587/
Once,/title/tt0907657/
The Social Network,/title/tt1285016/
The Act of Killing,/title/tt2375605/
Mad Max: Fury Road,/title/tt1392190/
Selma,/title/tt1020072/
Yi Yi: A One and a Two,/title/tt0244316/
Like Someone In Love,/title/tt1843287/
AI: Artificial Intelligence,/title/tt0212720/
The Story of Marie and Julien,/title/tt0339357/
The Deep Blue Sea,/title/tt1700844/
Film socialisme,/title/tt1438535/
The Tree of Life,/title/tt0478304/
Blissfully Yours,/title/tt0317171/
Be Kind Rewind,/title/tt0799934/
Frontier of Dawn,/title/tt1073535/
I Don't Want to Sleep Alone,/title/tt0855824/
Mulholland Drive,/title/tt0166924/
Kings and Queen,/title/tt0344273/
Yi Yi: A One and a Two,/title/tt0244316/
Oldboy,/title/tt0364569/
Antichrist,/title/tt0870984/
Children of Men,/title/tt0206634/
Lost in Translation,/title/tt0335266/
Femme Fatale,/title/tt0280665/
Casino Royale,/title/tt0381061/
Blue Is the Warmest Color,/title/tt2278871/
In the Mood for Love,/title/tt0118694/
The Tree of Life,/title/tt0478304/
A Prophet,/title/tt1235166/
Amélie,/title/tt0211915/
Spirited Away,/title/tt0245429/
Brokeback Mountain,/title/tt0388795/
Talk to Her,/title/tt0287467/
Mulholland Drive,/title/tt0166924/
Eternal Sunshine of the Spotless Mind,/title/tt0338013/
Amour,/title/tt1602620/
"Spring, Summer, Fall, Winter…and Spring",/title/tt0374546/
The Hours,/title/tt0274558/
The Sun Also Rises,/title/tt0051028/
A Separation,/title/tt1832382/
"Lust, Caution",/title/tt0808357/
The Lives of Others,/title/tt0405094/
Still Life,/title/tt2395417/
Birdman,/title/tt2562232/
Infernal Affairs,/title/tt0338564/
City of God,/title/tt0317248/
